{"1": [0.05602908134460449, 0.057424068450927734, 0.15919899940490723, 0.09427881240844727, 0.05375218391418457, 0.10210585594177246, 0.10852813720703125, 0.09598302841186523, 0.14494109153747559, 0.1313169002532959, 0.15818381309509277, 0.12025094032287598, 0.11490917205810547, 0.12431716918945312, 0.25609779357910156, 0.21155619621276855, 0.1740131378173828, 0.17786908149719238, 0.13991212844848633, 0.180588960647583, 0.21083998680114746, 0.1431269645690918, 0.22060012817382812, 0.1550300121307373, 0.07574105262756348, 0.08524608612060547, 0.13854289054870605, 0.07613992691040039, 0.0417327880859375, 0.01424407958984375], "2": [0.10294461250305176, 0.14535284042358398, 0.17809486389160156, 0.07484722137451172, 0.2073671817779541, 0.34688425064086914, 0.4076380729675293, 0.7704689502716064, 0.4637739658355713, 0.795654296875, 0.7461361885070801, 0.8738210201263428, 1.28202223777771, 1.183020830154419, 0.750169038772583, 0.7192480564117432, 0.8625109195709229, 0.6809070110321045, 0.6734950542449951, 0.5650861263275146, 0.45771098136901855, 0.3147890567779541, 0.4084770679473877, 0.2425549030303955, 0.1991722583770752, 0.1424849033355713, 0.08582401275634766, 0.09128022193908691, 0.028280973434448242, 0.0016698837280273438, 0.003789186477661133], "3": [0.4329400062561035, 1.0472850799560547, 1.7119989395141602, 2.5476720333099365, 2.268455982208252, 5.169155120849609, 8.193344116210938, 9.597327947616577, 18.674331188201904, 17.707557201385498, 11.311063051223755, 9.200761079788208, 9.06839919090271, 5.235091209411621, 9.04845905303955, 12.319679975509644, 9.663213014602661, 8.07787299156189, 5.5998969078063965, 4.315952777862549, 6.019231081008911, 4.16510009765625, 3.0489583015441895, 3.1909852027893066, 1.298766851425171, 0.839015007019043, 0.1970670223236084, 0.0016829967498779297, 0.1144721508026123, 0.027698040008544922, 0.0016400814056396484], "4": [1.8577821254730225, 6.877861022949219, 6.3937530517578125, 15.570805072784424, 29.607987880706787, 81.01888489723206, 86.33925223350525, 155.15830397605896, 217.5308039188385, 178.78877520561218, 129.29940605163574, 111.14709711074829, 73.53033590316772, 101.05677700042725, 60.19018912315369, 52.82690405845642, 34.745643615722656, 79.3822877407074, 133.82012510299683, 68.25177192687988, 67.55162477493286, 34.43126702308655, 18.225505113601685, 12.594322204589844, 6.865945816040039, 8.141788005828857, 2.351759910583496, 0.591580867767334, 0.0016629695892333984, 0.02775716781616211, 0.0037539005279541016]}