{"1": [0.03928184509277344, 0.03628802299499512, 0.03920412063598633, 0.0382080078125, 0.04405522346496582, 0.050067901611328125, 0.07757902145385742, 0.08817100524902344, 0.09207296371459961, 0.0955362319946289, 0.08064413070678711, 0.0914449691772461, 0.10879111289978027, 0.1027381420135498, 0.09334826469421387, 0.10059809684753418, 0.11739015579223633, 0.09878969192504883, 0.09608030319213867, 0.0819399356842041, 0.08218908309936523, 0.07711100578308105, 0.0601038932800293, 0.06456780433654785, 0.0649728775024414, 0.054965972900390625, 0.05182814598083496, 0.05098390579223633, 0.05751395225524902, 0.051262855529785156, 0.04487204551696777, 0.03829813003540039, 0.03329801559448242, 0.02750086784362793, 0.017305850982666016, 0.0036520957946777344, 0.03719973564147949, 0.027708768844604492, 0.05773806571960449, 0.032418012619018555, 0.05084705352783203, 0.0442349910736084, 0.06662297248840332, 0.054798126220703125, 0.06034684181213379, 0.07618212699890137, 0.06934881210327148, 0.06530618667602539, 0.07541894912719727, 0.07519197463989258, 0.07424616813659668, 0.06831789016723633, 0.07458829879760742, 0.06801915168762207, 0.06311678886413574, 0.06118297576904297, 0.06628608703613281, 0.06397795677185059, 0.05523490905761719, 0.049284934997558594, 0.03809309005737305, 0.033818960189819336, 0.03372788429260254, 0.03259015083312988, 0.022784709930419922, 0.012029886245727539], "2": [0.0995328426361084, 0.15065503120422363, 0.1943221092224121, 0.3498549461364746, 0.585892915725708, 0.6924591064453125, 0.8145899772644043, 0.4581480026245117, 0.877161979675293, 0.5901968479156494, 0.8329169750213623, 0.9070470333099365, 0.8413159847259521, 0.716904878616333, 0.6951560974121094, 0.8067867755889893, 0.7424371242523193, 0.5591638088226318, 0.6415338516235352, 0.4039888381958008, 0.526630163192749, 0.3918440341949463, 0.47667574882507324, 0.3960590362548828, 0.3146028518676758, 0.17418503761291504, 0.2062830924987793, 0.11466526985168457, 0.06163287162780762, 0.007179975509643555, 0.10478806495666504, 0.1521139144897461, 0.17045211791992188, 0.2651970386505127, 0.20736384391784668, 0.41362881660461426, 0.36331701278686523, 0.20969915390014648, 0.28804898262023926, 0.670644998550415, 0.9237067699432373, 1.0142490863800049, 0.9592387676239014, 0.5342919826507568, 0.7760708332061768, 0.5489537715911865, 0.4469320774078369, 0.6198461055755615, 0.5559051036834717, 0.43885231018066406, 0.367448091506958, 0.3461167812347412, 0.29259705543518066, 0.20969891548156738, 0.21089816093444824, 0.1496589183807373, 0.08954286575317383, 0.0687720775604248, 0.0334630012512207, 0.009015083312988281, 0.0042760372161865234], "3": [0.42642712593078613, 0.8826999664306641, 2.0864439010620117, 1.084723949432373, 1.6290297508239746, 3.6592912673950195, 3.8233370780944824, 3.393571138381958, 4.70252799987793, 2.5013489723205566, 0.7379190921783447, 0.43015193939208984, 1.0833160877227783, 1.1986160278320312, 1.9087629318237305, 1.3740029335021973, 2.7443959712982178, 5.684532880783081, 6.168946743011475, 4.504184246063232, 3.724893093109131, 6.4344072341918945, 10.910867929458618, 7.96603798866272, 6.128666162490845, 4.15116286277771, 8.04836392402649, 6.288486003875732, 5.706038951873779, 4.86286187171936, 3.536947250366211, 3.0900447368621826, 2.1540706157684326, 2.7224340438842773, 2.652374029159546, 2.480623960494995, 1.4156041145324707, 0.7947471141815186, 0.2772352695465088, 0.06554508209228516, 0.00710296630859375], "4": [1.7587511539459229, 4.934593915939331, 9.012774229049683, 18.298317909240723, 33.004738092422485, 42.65557503700256, 55.579432249069214, 117.78354382514954, 181.0858838558197, 196.84358596801758, 137.3177809715271, 145.30148005485535, 132.69144225120544, 140.04193305969238, 108.07183527946472, 145.94088292121887, 90.59853219985962, 101.49527883529663, 48.769036054611206, 82.99642705917358, 45.60849404335022, 76.85121607780457, 43.21323013305664, 36.95435404777527, 16.532171726226807, 5.135810136795044, 2.260859727859497, 0.6766519546508789, 0.11825704574584961, 0.012151241302490234, 1.7888851165771484, 4.780004978179932, 7.794234991073608, 11.817346096038818, 16.346461057662964, 47.537785053253174, 52.49356698989868, 70.96680116653442, 98.45002603530884, 158.0068199634552, 125.97117018699646, 136.30633997917175, 93.88412070274353, 74.96390867233276, 126.02167201042175, 53.20750093460083, 93.7421088218689, 86.91447806358337, 79.00477504730225, 44.27326416969299, 24.243793964385986, 18.7152841091156, 12.257538080215454, 11.709197998046875, 3.5416109561920166, 1.3906068801879883, 0.8900618553161621, 0.4393589496612549, 0.03897404670715332, 0.0059931278228759766, 0.0023419857025146484]}